[
    {
        "eid": 1,
        "ename": "sai",
        "edate": 11111111,
        "eno.ofques": "gmail",
        "epassingscore": "MCA",
        "cid": 11
    },
    {
       "eid": 1,
        "ename": "sai",
        "edate": 11111111,
        "eno.ofques": "gmail",
        "epassingscore": "MCA",
        "cid": 11
    },
    {
      "eid": 1,
        "ename": "sai",
        "edate": 11111111,
        "eno.ofques": "gmail",
        "epassingscore": "MCA",
        "cid": 11
    },
    {
        "eid": 1,
        "ename": "sai",
        "edate": 11111111,
        "eno.ofques": "gmail",
        "epassingscore": "MCA",
        "cid": 11
    },
    {
        "eid": 1,
        "ename": "sai",
        "edate": 11111111,
        "eno.ofques": "gmail",
        "epassingscore": "MCA",
        "cid": 11
    }
]