[
    {
        "fid": 1,
        "fname": "sai",
        "fmobile": 11111111,
        "femail": "gmail",
        "fdept": "MCA",
        "cid": 11
    },
    {
        "fid": 1,
        "fname": "sai",
        "fmobile": 11111111,
        "femail": "gmail",
        "fdept": "MCA",
        "cid": 11
    },
    {
        "fid": 1,
        "fname": "sai",
        "fmobile": 11111111,
        "femail": "gmail",
        "fdept": "MCA",
        "cid": 11
    },
    {
        "fid": 1,
        "fname": "sai",
        "fmobile": 11111111,
        "femail": "gmail",
        "fdept": "MCA",
        "cid": 11
    },
    {
        "fid": 1,
        "fname": "sai",
        "fmobile": 11111111,
        "femail": "gmail",
        "fdept": "MCA",
        "cid": 11
    }
]