[
    {
        "fid": 1,
        "fname": "sai",
        "email": 11111111,
        "emessage": "gmail"
    },
    {
         "fid": 1,
        "fname": "sai",
        "email": 11111111,
        "emessage": "gmail"
    },
    {
        "fid": 1,
        "fname": "sai",
        "email": 11111111,
        "emessage": "gmail"
    },
    {
          "fid": 1,
        "fname": "sai",
        "email": 11111111,
        "emessage": "gmail"
    },
    {
          "fid": 1,
        "fname": "sai",
        "email": 11111111,
        "emessage": "gmail"
    }
]